Workbook

Sheet Risk Register
A1: Risk ID | B1: Asset | C1: Threat | D1: Vulnerability | E1: Likelihood | F1: Impact | G1: Risk Score | H1: Rating | I1: Risk Owner | J1: Existing Controls (simulated) | K1: Treatment Option | L1: Treatment Action | M1: Control Reference (Annex A) | N1: Target Date | O1: Residual Likelihood | P1: Residual Impact | Q1: Residual Score | R1: Residual Rating | S1: Status | T1: Risk Acceptance
A2: R-001 | B2: Customer DB | C2: Data breach | D2: Excessive privileges | E2: 4 | F2: 5 | G2: =E2*F2 -> 20 | H2: =IF(G2>=17,"Critical",IF(G2>=10,"High",IF(G2>=5,"Medium","Low"))) -> Critical | I2: CTO | J2: Role-based DB users; no periodic review | K2: Mitigate | L2: Conduct quarterly database access reviews; remove standing admin access | M2: A.5.15, A.5.18, A.8.2 | N2: 46333 | O2: 2 | P2: 4 | Q2: =O2*P2 -> 8 | R2: =IF(Q2>=17,"Critical",IF(Q2>=10,"High",IF(Q2>=5,"Medium","Low"))) -> Medium | S2: Open | T2: Not accepted - treat
A3: R-002 | B3: AWS | C3: Cloud compromise | D3: Misconfigured IAM | E3: 3 | F3: 5 | G3: =E3*F3 -> 15 | H3: =IF(G3>=17,"Critical",IF(G3>=10,"High",IF(G3>=5,"Medium","Low"))) -> High | I3: DevOps Lead | J3: IAM roles in use; no formal permission review | K3: Mitigate | L3: Review AWS IAM permissions; enable IAM Access Analyzer | M3: A.5.23, A.8.2 | N3: 46333 | O3: 2 | P3: 4 | Q3: =O3*P3 -> 8 | R3: =IF(Q3>=17,"Critical",IF(Q3>=10,"High",IF(Q3>=5,"Medium","Low"))) -> Medium | S3: Open | T3: Not accepted - treat
A4: R-003 | B4: GitHub | C4: Account takeover | D4: MFA not enforced | E4: 3 | F4: 5 | G4: =E4*F4 -> 15 | H4: =IF(G4>=17,"Critical",IF(G4>=10,"High",IF(G4>=5,"Medium","Low"))) -> High | I4: Engineering Lead | J4: MFA available, not enforced for all | K4: Mitigate | L4: Enforce MFA on GitHub org | M4: A.5.17, A.8.5 | N4: 46318 | O4: 1 | P4: 5 | Q4: =O4*P4 -> 5 | R4: =IF(Q4>=17,"Critical",IF(Q4>=10,"High",IF(Q4>=5,"Medium","Low"))) -> Medium | S4: In Progress | T4: Not accepted - treat
A5: R-004 | B5: Laptops | C5: Malware | D5: Weak endpoint controls | E5: 4 | F5: 4 | G5: =E5*F5 -> 16 | H5: =IF(G5>=17,"Critical",IF(G5>=10,"High",IF(G5>=5,"Medium","Low"))) -> High | I5: IT Manager | J5: Basic AV on some devices | K5: Mitigate | L5: Deploy endpoint protection (EDR) on all laptops | M5: A.8.7, A.8.1 | N5: 46348 | O5: 2 | P5: 3 | Q5: =O5*P5 -> 6 | R5: =IF(Q5>=17,"Critical",IF(Q5>=10,"High",IF(Q5>=5,"Medium","Low"))) -> Medium | S5: In Progress | T5: Not accepted - treat
A6: R-005 | B6: M365 | C6: Phishing | D6: Limited awareness | E6: 4 | F6: 4 | G6: =E6*F6 -> 16 | H6: =IF(G6>=17,"Critical",IF(G6>=10,"High",IF(G6>=5,"Medium","Low"))) -> High | I6: HR / Security Lead | J6: Spam filtering | K6: Mitigate | L6: Conduct phishing simulation and security awareness training | M6: A.6.3, A.8.23 | N6: 46333 | O6: 3 | P6: 3 | Q6: =O6*P6 -> 9 | R6: =IF(Q6>=17,"Critical",IF(Q6>=10,"High",IF(Q6>=5,"Medium","Low"))) -> Medium | S6: Open | T6: Not accepted - treat
A7: R-006 | B7: VPN | C7: Unauthorized access | D7: Weak authentication | E7: 3 | F7: 5 | G7: =E7*F7 -> 15 | H7: =IF(G7>=17,"Critical",IF(G7>=10,"High",IF(G7>=5,"Medium","Low"))) -> High | I7: IT Manager | J7: Password-only VPN login | K7: Mitigate | L7: Enforce MFA on VPN | M7: A.5.15, A.8.5 | N7: 46333 | O7: 2 | P7: 4 | Q7: =O7*P7 -> 8 | R7: =IF(Q7>=17,"Critical",IF(Q7>=10,"High",IF(Q7>=5,"Medium","Low"))) -> Medium | S7: Open | T7: Not accepted - treat
A8: R-007 | B8: Backup | C8: Data loss | D8: Inadequate backup testing | E8: 3 | F8: 5 | G8: =E8*F8 -> 15 | H8: =IF(G8>=17,"Critical",IF(G8>=10,"High",IF(G8>=5,"Medium","Low"))) -> High | I8: DevOps Lead | J8: Daily cloud backups; no restore tests | K8: Mitigate | L8: Perform quarterly backup restoration test | M8: A.8.13 | N8: 46333 | O8: 2 | P8: 4 | Q8: =O8*P8 -> 8 | R8: =IF(Q8>=17,"Critical",IF(Q8>=10,"High",IF(Q8>=5,"Medium","Low"))) -> Medium | S8: Open | T8: Not accepted - treat
A9: R-008 | B9: API Keys | C9: Credential exposure | D9: Poor secret management | E9: 3 | F9: 5 | G9: =E9*F9 -> 15 | H9: =IF(G9>=17,"Critical",IF(G9>=10,"High",IF(G9>=5,"Medium","Low"))) -> High | I9: DevOps Lead | J9: Some secrets in env files | K9: Mitigate | L9: Move secrets to AWS Secrets Manager; enable GitHub secret scanning | M9: A.5.17, A.8.24 | N9: 46348 | O9: 2 | P9: 4 | Q9: =O9*P9 -> 8 | R9: =IF(Q9>=17,"Critical",IF(Q9>=10,"High",IF(Q9>=5,"Medium","Low"))) -> Medium | S9: Open | T9: Not accepted - treat
A10: R-009 | B10: HR System | C10: Data disclosure | D10: Excessive access | E10: 3 | F10: 4 | G10: =E10*F10 -> 12 | H10: =IF(G10>=17,"Critical",IF(G10>=10,"High",IF(G10>=5,"Medium","Low"))) -> High | I10: HR Manager | J10: Admin role limited to HR team (not reviewed) | K10: Mitigate | L10: Review and restrict HRMS roles | M10: A.5.18 | N10: 46333 | O10: 2 | P10: 3 | Q10: =O10*P10 -> 6 | R10: =IF(Q10>=17,"Critical",IF(Q10>=10,"High",IF(Q10>=5,"Medium","Low"))) -> Medium | S10: Open | T10: Not accepted - treat
A11: R-010 | B11: Customer Support | C11: Data leakage | D11: Improper data handling | E11: 3 | F11: 4 | G11: =E11*F11 -> 12 | H11: =IF(G11>=17,"Critical",IF(G11>=10,"High",IF(G11>=5,"Medium","Low"))) -> High | I11: Support Lead | J11: Informal guidance to agents | K11: Mitigate | L11: Define data-handling procedure; mask customer data in tickets | M11: A.5.34, A.8.11 | N11: 46348 | O11: 2 | P11: 3 | Q11: =O11*P11 -> 6 | R11: =IF(Q11>=17,"Critical",IF(Q11>=10,"High",IF(Q11>=5,"Medium","Low"))) -> Medium | S11: Open | T11: Not accepted - treat
A12: R-011 | B12: Source Code | C12: Intellectual property theft | D12: Excessive repository access | E12: 3 | F12: 4 | G12: =E12*F12 -> 12 | H12: =IF(G12>=17,"Critical",IF(G12>=10,"High",IF(G12>=5,"Medium","Low"))) -> High | I12: Engineering Lead | J12: Team-level repo permissions | K12: Mitigate | L12: Repository access review; branch protection; least privilege | M12: A.8.4, A.5.18 | N12: 46333 | O12: 2 | P12: 3 | Q12: =O12*P12 -> 6 | R12: =IF(Q12>=17,"Critical",IF(Q12>=10,"High",IF(Q12>=5,"Medium","Low"))) -> Medium | S12: Open | T12: Not accepted - treat
A13: R-012 | B13: AWS | C13: Service outage | D13: Single-region dependency | E13: 3 | F13: 5 | G13: =E13*F13 -> 15 | H13: =IF(G13>=17,"Critical",IF(G13>=10,"High",IF(G13>=5,"Medium","Low"))) -> High | I13: DevOps Lead | J13: Multi-AZ for database (assumed) | K13: Mitigate | L13: Design and test multi-region / DR failover | M13: A.8.14, A.5.30 | N13: 46393 | O13: 2 | P13: 4 | Q13: =O13*P13 -> 8 | R13: =IF(Q13>=17,"Critical",IF(Q13>=10,"High",IF(Q13>=5,"Medium","Low"))) -> Medium | S13: Open | T13: Not accepted - treat
... A19: R-018 | B19: Network | C19: Lateral movement | D19: Poor segmentation | E19: 3 | F19: 4 | G19: =E19*F19 -> 12 | H19: =IF(G19>=17,"Critical",IF(G19>=10,"High",IF(G19>=5,"Medium","Low"))) -> High | I19: DevOps Lead | J19: Single flat corporate network (assumed) | K19: Mitigate | L19: Segment prod/corporate/dev; review security groups | M19: A.8.22, A.8.20 | N19: 46363 | O19: 2 | P19: 3 | Q19: =O19*P19 -> 6 | R19: =IF(Q19>=17,"Critical",IF(Q19>=10,"High",IF(Q19>=5,"Medium","Low"))) -> Medium | S19: Open | T19: Not accepted - treat

Sheet Summary
A1: Risk summary (live formulas from Risk Register)
A3: Rating | B3: Inherent count | C3: Residual count
A4: Critical | B4: =COUNTIF('Risk Register'!H2:H19,A4) -> 1 | C4: =COUNTIF('Risk Register'!R2:R19,A4) -> 0
A5: High | B5: =COUNTIF('Risk Register'!H2:H19,A5) -> 17 | C5: =COUNTIF('Risk Register'!R2:R19,A5) -> 0
A6: Medium | B6: =COUNTIF('Risk Register'!H2:H19,A6) -> 0 | C6: =COUNTIF('Risk Register'!R2:R19,A6) -> 17
A7: Low | B7: =COUNTIF('Risk Register'!H2:H19,A7) -> 0 | C7: =COUNTIF('Risk Register'!R2:R19,A7) -> 1
A8: Total | B8: =SUM(B4:B7) -> 18 | C8: =SUM(C4:C7) -> 18
A10: Assumptions: existing controls, owners, target dates and residual scores are simulated. Target dates = project start 08-Oct-2026 + treatment days. Residual risk is the expected score once treatment is complete.
